X-Koordinate;Y-Koordinate
10205.00000000;2237.31816595
34740.00000000;11092.50058413
31190.00000000;11092.50058413
20460.00000000;11092.50058413
10205.00000000;41.00000000
