X-Koordinate;Y-Koordinate
5500.00000000;9775.00000000
