X-Koordinate;Y-Koordinate
10205.00000000;2237.31816595
