X-Koordinate;Y-Koordinate
46545.00000000;18021.50000000
46545.00000000;3678.50000000
