X-Koordinate;Y-Koordinate
5500.00000000;15520.01820840
5500.60000000;5623.01820840
5500.60000000;2542.31820840
5500.00000000;18022.51820840
