X-Koordinate;Y-Koordinate
0.00000000;1.00000000
0.00000000;19524.00004244
10220.00000000;19524.00004244
14305.00000000;3332.50000000
14302.50000000;1.00000000
