X-Koordinate;Y-Koordinate
14305.00000000;3332.50000000
14302.50000000;1.00000000
